{
  "project_info": {
    "project_number": "79692697747",
    "firebase_url": "https://rbo1-5778c-default-rtdb.firebaseio.com",
    "project_id": "rbo1-5778c",
    "storage_bucket": "rbo1-5778c.appspot.com"
  },
  "client": [
    {
      "client_info": {
        "mobilesdk_app_id": "1:79692697747:android:37dfe63e398504ddc2fd66",
        "android_client_info": {
          "package_name": "client_app.coderzheaven.com"
        }
      },
      "oauth_client": [
        {
          "client_id": "79692697747-pnr968h74tcf618330g1vgeql31mjn9d.apps.googleusercontent.com",
          "client_type": 3
        }
      ],
      "api_key": [
        {
          "current_key": "AIzaSyAHO_UMCoMyacfnVgYQVAwwm3n7ugZcNXg"
        }
      ],
      "services": {
        "appinvite_service": {
          "other_platform_oauth_client": [
            {
              "client_id": "79692697747-pnr968h74tcf618330g1vgeql31mjn9d.apps.googleusercontent.com",
              "client_type": 3
            }
          ]
        }
      }
    },
    {
      "client_info": {
        "mobilesdk_app_id": "1:79692697747:android:463453e3e5857b6bc2fd66",
        "android_client_info": {
          "package_name": "client_app.coderzheaven.com.clientapplication"
        }
      },
      "oauth_client": [
        {
          "client_id": "79692697747-pnr968h74tcf618330g1vgeql31mjn9d.apps.googleusercontent.com",
          "client_type": 3
        }
      ],
      "api_key": [
        {
          "current_key": "AIzaSyAHO_UMCoMyacfnVgYQVAwwm3n7ugZcNXg"
        }
      ],
      "services": {
        "appinvite_service": {
          "other_platform_oauth_client": [
            {
              "client_id": "79692697747-pnr968h74tcf618330g1vgeql31mjn9d.apps.googleusercontent.com",
              "client_type": 3
            }
          ]
        }
      }
    },
    {
      "client_info": {
        "mobilesdk_app_id": "1:79692697747:android:ec860d584e050db3c2fd66",
        "android_client_info": {
          "package_name": "com.example.myapplicationdsfwefq"
        }
      },
      "oauth_client": [
        {
          "client_id": "79692697747-pnr968h74tcf618330g1vgeql31mjn9d.apps.googleusercontent.com",
          "client_type": 3
        }
      ],
      "api_key": [
        {
          "current_key": "AIzaSyAHO_UMCoMyacfnVgYQVAwwm3n7ugZcNXg"
        }
      ],
      "services": {
        "appinvite_service": {
          "other_platform_oauth_client": [
            {
              "client_id": "79692697747-pnr968h74tcf618330g1vgeql31mjn9d.apps.googleusercontent.com",
              "client_type": 3
            }
          ]
        }
      }
    },
    {
      "client_info": {
        "mobilesdk_app_id": "1:79692697747:android:d9b575502ad307aac2fd66",
        "android_client_info": {
          "package_name": "om.example.myapplicationdsfwefq"
        }
      },
      "oauth_client": [
        {
          "client_id": "79692697747-pnr968h74tcf618330g1vgeql31mjn9d.apps.googleusercontent.com",
          "client_type": 3
        }
      ],
      "api_key": [
        {
          "current_key": "AIzaSyAHO_UMCoMyacfnVgYQVAwwm3n7ugZcNXg"
        }
      ],
      "services": {
        "appinvite_service": {
          "other_platform_oauth_client": [
            {
              "client_id": "79692697747-pnr968h74tcf618330g1vgeql31mjn9d.apps.googleusercontent.com",
              "client_type": 3
            }
          ]
        }
      }
    }
  ],
  "configuration_version": "1"
}